Length,Domain,Global Rank,Reach,3 Month Change,Country,Country Rank,Web of Trust
14,delawarepublic.org,1876836,1592550,177772,United States (US),301598,Not enough ratings
6,iheart.com,1737,1403,256,United States (US),359,Excellent
12,1030lagrande.com,21575038,20661313,4260503,- (-),-,Not enough ratings
11,103gbfrocks.com,1996642,1775224,425360,- (-),-,Good
12,1059qwikrock.com,0,,,- (-),-,Good
11,1059thebull.com,21930422,21093735,10461741,- (-),-,Not enough ratings
4,3abn.org,179466,178316,-73035,China (CN),24619,Excellent
8,lamusica.com,140355,125232,21357,United States (US),54799,Excellent
10,941theduke.com,8088692,8019175,2954012,- (-),-,Not enough ratings
11,967theeagle.net,1918615,1655314,-370854,United States (US),378609,Not enough ratings
7,975wdif.com,11145189,13258909,2284232,- (-),-,Not enough ratings
13,advantagenews.com,1392459,1337816,406425,United States (US),336285,Excellent
8,cbslocal.com,1705,1303,338,United States (US),358,Excellent
16,annarborobserver.com,667885,636745,32931,United States (US),120852,Not enough ratings
13,antiochherald.com,1528063,1362821,203285,United States (US),633362,Not enough ratings
21,atlantassportsstation.com,21583378,20669653,6804090,- (-),-,Not enough ratings
22,beavercreeknewscurrent.com,6815472,6457223,2725699,- (-),-,Not enough ratings
17,beavercreekrecord.com,0,,,- (-),-,Good
6,bevcam.org,0,,,- (-),-,Good
11,wickedlocal.com,24074,24265,-5763,United States (US),8424,Excellent
7,bizwest.com,669897,563705,177882,United States (US),154690,Not enough ratings
8,bluelake.org,839925,969612,-1238674,United States (US),117580,Good
15,bozemanmagazine.com,2008459,2028211,-522666,United States (US),536279,Not enough ratings
6,buenav.net,0,,,- (-),-,Not enough ratings
10,byuiscroll.org,1067853,960468,-137660,United States (US),162319,Not enough ratings
5,diolc.org,1793311,1788283,-1102465,United States (US),377545,Not enough ratings
14,ciceronewswire.blogspot.com,0,,,- (-),-,Not enough ratings
8,cmfmedia.org,19825344,18408577,11329805,- (-),-,Not enough ratings
13,coloradosound.org,2212986,2030745,-1320898,United States (US),301860,Not enough ratings
19,coppellstudentmedia.com,5726523,5002349,2008268,- (-),-,Not enough ratings
15,mainelymediallc.com,2419786,2110257,165987,United States (US),583362,Not enough ratings
10,covnetpres.org,7522974,6518202,3158160,- (-),-,Excellent
13,cuindependent.com,536056,658479,88849,United States (US),79962,Excellent
4,cvbj.biz,1718312,1502794,599489,United States (US),339748,Not enough ratings
8,delaredo.blogspot.com,0,,,- (-),-,Not enough ratings
17,delawarestatenews.net,770320,689430,292795,United States (US),159390,Not enough ratings
10,denverpost.com,1638,1483,-5282,United States (US),271,Excellent
15,eastcountytoday.net,849663,716339,270385,United States (US),141053,Not enough ratings
11,fox17online.com,66915,57545,-4029,United States (US),12177,Excellent
3,fpp.cc,5405346,4798864,-5316872,- (-),-,Not enough ratings
8,fppradio.com,0,,,- (-),-,Not enough ratings
9,freekeene.com,791567,730562,-13056,United States (US),178693,Good
10,lapreciosa.com,0,,,- (-),-,Unsatisfactory
22,gallatincommunityradio.org,0,,,- (-),-,Not enough ratings
5,gbcmt.org,4339327,3989095,-3906350,- (-),-,Not enough ratings
10,getboulder.com,3983218,3369574,988903,United States (US),863370,Good
19,glendaledailyplanet.com,11700836,10427852,814324,- (-),-,Not enough ratings
16,glendoracitynews.com,2946127,2773013,708727,United States (US),595413,Not enough ratings
8,goodvibe.fm,0,,,- (-),-,Not enough ratings
19,graceradioofslidell.net,0,,,- (-),-,Not enough ratings
11,heystamford.com,1958784,1921548,1403995,United States (US),289168,Not enough ratings
22,highdesertbroadcasting.com,0,,,- (-),-,Good
8,idahoptv.org,133024,112868,-27130,United States (US),26956,Excellent
7,ihradio.com,382914,365420,-9460,United States (US),83427,Excellent
7,inmenlo.com,1638614,1393137,-16694,United States (US),373714,Good
15,iowapublicradio.org,380195,321151,84293,United States (US),81904,Good
5,jg-tc.com,466855,446326,59327,United States (US),89607,Good
20,joyceclarkunfiltered.com,13241194,11758193,-1743372,- (-),-,Not enough ratings
4,k985.com,1568265,1414786,-1365763,United States (US),236813,Good
4,kboz.com,12775898,11350142,,- (-),-,Not enough ratings
4,kcpw.org,4300372,3944607,-1529854,- (-),-,Not enough ratings
9,kdhlradio.com,2955350,2800180,506910,United States (US),455918,Good
4,khoy.org,9123515,9672651,2180147,- (-),-,Good
10,kickam1530.com,26939755,26577760,,- (-),-,Not enough ratings
4,kkyr.com,2569170,2166919,87410,United States (US),703428,Good
6,kmmsam.com,546636,669950,-22348,United States (US),117086,Excellent
9,kmph-kfre.com,406412,363855,217710,United States (US),66832,Good
5,kobi5.com,264635,248502,14236,United States (US),56438,Excellent
9,kosy790am.com,0,,,- (-),-,Not enough ratings
10,kscequinox.com,2436575,2109765,-748201,United States (US),480908,Not enough ratings
4,ktar.com,162632,141264,50141,United States (US),28838,Excellent
4,ktvl.com,498881,428608,181022,United States (US),112646,Good
4,ktxk.org,7475306,7796687,-5047868,- (-),-,Not enough ratings
11,kvcb-online.com,0,,,- (-),-,Not enough ratings
10,kwrn1550am.com,0,,,- (-),-,Good
15,lacrossetribune.com,72509,71850,-5061,United States (US),13484,Excellent
9,laredosun.us,0,,,- (-),-,Not enough ratings
11,latinotimes.org,12518717,11120924,-7417687,- (-),-,Not enough ratings
12,lazocultural.com,0,,,- (-),-,Good
7,life973.com,7314169,6331458,310383,- (-),-,Good
17,lifechangingradio.com,7947402,7004037,-2352492,- (-),-,Good
8,liherald.com,486461,453315,74121,United States (US),89028,Good
14,loveatthecross.com,0,,,- (-),-,Not enough ratings
9,magia1063.com,0,,,- (-),-,Not enough ratings
7,mgoblog.com,29838,33284,5002,United States (US),6300,Excellent
13,michiganradio.org,112718,86321,22611,United States (US),25035,Excellent
14,milfordcitizen.com,0,,,- (-),-,Not enough ratings
13,milfordliving.com,25249742,24706534,9285305,- (-),-,Not enough ratings
11,publicradio.org,86448,80357,-20205,United States (US),22035,Excellent
15,miradiopoderosa.com,0,,,- (-),-,Not enough ratings
10,mooseradio.com,1405514,1221307,-364531,United States (US),748579,Good
6,my1035.com,3985182,3904187,600275,- (-),-,Good
12,mychannel957.com,657873,578771,14454,United States (US),133776,Good
12,myfaithradio.com,1022427,867676,86643,United States (US),227730,Not enough ratings
22,nativeamericannetroots.net,235962,188402,-95848,United States (US),60942,Good
7,newwest.net,1676210,1436704,22727,United States (US),470497,Good
4,nhpr.org,276322,233539,32403,United States (US),61519,Good
11,entravision.com,98408,99375,63089,Mexico (MX),4932,Not enough ratings
4,nwpr.org,1081413,955766,-145120,United States (US),183438,Good
11,onwardstate.com,139390,117485,18797,United States (US),24565,Good
12,opgazetteinc.com,21702051,20816352,,- (-),-,Not enough ratings
9,opusradio.com,18455090,19612528,9207691,- (-),-,Not enough ratings
12,osceolawoman.com,20778674,19564076,13194134,- (-),-,Not enough ratings
15,pasadenajournal.com,2764341,2692426,-2936709,United States (US),474621,Good
11,pasadenamag.com,6894604,6665094,463293,- (-),-,Not enough ratings
5,patch.com,530,444,-182,United States (US),75,Excellent
13,patersontimes.com,815834,795138,176265,United States (US),147086,Not enough ratings
5,mnsun.com,464747,411211,53839,United States (US),105815,Good
12,power96radio.com,3553683,3347103,215985,- (-),-,Not enough ratings
12,prayznetwork.com,5624968,5136554,-6190028,United States (US),556685,Not enough ratings
14,punjabstarnews.com,24212682,23579170,15100411,- (-),-,Good
6,disney.com,2402,2422,-202,United States (US),722,Excellent
16,rivergrandrapids.com,2415117,2003169,377093,United States (US),507644,Excellent
9,scottyurb.blogspot.com,0,,,- (-),-,Good
17,serendipitysocial.com,1963107,2102674,767701,United States (US),230110,Not enough ratings
10,servedaily.com,7409371,6920048,844277,- (-),-,Not enough ratings
19,slidell-independent.com,8912343,8254637,4570561,- (-),-,Not enough ratings
10,dailyvoice.com,59546,53935,3619,United States (US),11331,Not enough ratings
22,stamforddowntownevents.blogspot.com,0,,,- (-),-,Good
14,starlocalmedia.com,286637,257883,42877,United States (US),52368,Good
14,stlpublicradio.org,187381,155243,22084,United States (US),34766,Good
14,streetfightmag.com,163528,142455,28356,United States (US),46927,Not enough ratings
10,strikeslip.blogspot.com,0,,,- (-),-,Good
10,sunnykeene.com,0,,,- (-),-,Good
11,tammanywest.com,18974434,20633407,-5238469,- (-),-,Not enough ratings
10,theavtimes.com,585139,555749,95009,United States (US),90180,Not enough ratings
11,thedmonline.com,1106720,956413,398831,United States (US),169845,Good
10,theracquet.org,4020344,3815740,-632988,United States (US),590146,Not enough ratings
12,thetelegraph.com,383125,376705,73320,United States (US),75576,Excellent
4,thez.com,7186269,8197114,-407702,- (-),-,Good
12,times-herald.com,479959,424810,77360,United States (US),122460,Excellent
9,touch1410.com,0,,,- (-),-,Not enough ratings
23,twincitieswellnessradio.com,0,,,- (-),-,Not enough ratings
8,txktoday.com,349932,313485,-49319,United States (US),78776,Not enough ratings
12,uticaphoenix.net,7160071,6192016,1948938,- (-),-,Not enough ratings
6,github.io,206,181,14,United States (US),209,Excellent
13,vietsongmedia.com,7154540,7985842,4107199,- (-),-,Not enough ratings
9,voicesweb.org,4839261,4534238,-8484378,- (-),-,Good
4,wbgl.org,1009796,1029237,-9223,United States (US),226036,Good
9,wceiradio.com,6694286,6013491,-5732978,- (-),-,Not enough ratings
10,wcfcourier.com,107839,100611,15918,United States (US),21397,Good
6,wcoefm.com,9507755,8350121,3847808,- (-),-,Not enough ratings
4,wcyy.com,1400306,1245271,410002,United States (US),363242,Good
8,wexl1340.com,13299683,14139665,3825063,- (-),-,Good
4,wfgr.com,1642090,1456790,-658818,United States (US),315580,Good
4,wgan.com,6139691,5615902,3415565,- (-),-,Good
4,wgrd.com,464908,416925,38483,United States (US),93562,Excellent
5,wgvu2.org,10545502,10043195,5237259,- (-),-,Not enough ratings
7,wibx950.com,1015365,854165,69587,United States (US),242702,Good
6,wjactv.com,216323,198359,-14878,United States (US),37705,Excellent
8,979radio.com,0,,,- (-),-,Not enough ratings
9,wkbkradio.com,4040392,3517205,-1506545,- (-),-,Not enough ratings
4,wkdq.com,883434,716884,-429283,United States (US),257366,Good
4,wkne.com,2958064,2851578,-15359336,United States (US),516432,Not enough ratings
6,wkyufm.org,3138798,2619583,765201,United States (US),492940,Good
4,wnep.com,50700,46938,637,United States (US),7723,Excellent
4,wnpr.org,335431,268061,23611,United States (US),82950,Good
6,woodtv.com,22461,21293,-5975,United States (US),4632,Excellent
25,wordchristianbroadcasting.com,0,,,- (-),-,Good
4,wosu.org,328674,313004,-2305,United States (US),78729,Good
10,wotv4women.com,969227,1008933,-248833,United States (US),211690,Good
3,wpt.org,282125,282615,-71534,United States (US),71488,Excellent
6,wqinfm.org,0,,,- (-),-,Not enough ratings
8,wrll1450.com,20802595,19587997,,- (-),-,Not enough ratings
4,wrti.org,583416,486452,-245871,United States (US),119260,Good
9,wsbrradio.com,11574167,12581229,4813386,- (-),-,Not enough ratings
4,wshu.org,965962,886070,303555,United States (US),283366,Good
9,wslaradio.com,0,,,- (-),-,Not enough ratings
9,wsonradio.com,0,,,- (-),-,Not enough ratings
4,wspa.com,79601,68285,1329,United States (US),24712,Excellent
8,wwgh1071.com,0,,,- (-),-,Not enough ratings
9,1017hotfm.com,8897510,8888697,-3958633,- (-),-,Not enough ratings
9,101sports.com,259955,237052,-70976,United States (US),53562,Good
11,1029thebuzz.com,2947607,2781579,690567,United States (US),407296,Good
8,1041kxdd.com,10830548,12332200,-14957260,- (-),-,Excellent
12,1043theshark.com,1505685,1446256,43626,United States (US),366720,Not enough ratings
17,1049nashiconradio.com,0,,,- (-),-,Not enough ratings
7,107kiss.com,16677979,15176284,-4518889,- (-),-,Good
8,1290wlby.com,6211992,5997327,-10214273,- (-),-,Good
8,1340wjrw.com,14482273,12968085,6412036,- (-),-,Not enough ratings
8,1410wizm.com,1968794,1637579,-254191,United States (US),460135,Good
13,1450espnradio.com,0,,,- (-),-,Good
14,1460espnyakima.com,9680977,8514104,3751156,- (-),-,Not enough ratings
8,1480kyos.com,9436692,9255868,-15322896,- (-),-,Not enough ratings
12,1490therodeo.com,0,,,- (-),-,Not enough ratings
8,1490wkvt.com,0,,,- (-),-,Excellent
8,1490wlfn.com,7947850,8369705,-39363,- (-),-,Not enough ratings
10,1650thefan.com,13236696,11753695,4210220,- (-),-,Not enough ratings
21,50plusmarketplacenews.com,19196244,17765823,1263624,- (-),-,Not enough ratings
7,580wkty.com,6625141,7022743,-8274370,- (-),-,Good
6,590kid.com,1422870,1221510,-485990,United States (US),348096,Good
12,660theanswer.com,21576039,20662314,11041568,- (-),-,Not enough ratings
10,925thebear.com,13021916,12792609,-6636215,- (-),-,Good
10,925thewolf.com,10387118,9883656,5048429,- (-),-,Not enough ratings
6,92kqrs.com,537120,500125,-19593,United States (US),90941,Good
10,949thebull.com,0,,,- (-),-,Good
10,957thegame.com,323755,286411,-20633,United States (US),89555,Not enough ratings
10,957therock.com,1988458,2343970,-1451502,United States (US),639473,Excellent
11,965tricolor.com,0,,,- (-),-,Good
7,975kabx.com,7463639,7230734,,- (-),-,Good
7,979wvok.com,11731389,11285030,-790376,- (-),-,Good
7,983wlcs.com,15094042,13592706,-13836081,- (-),-,Not enough ratings
7,98rocks.fm,19428962,17974418,9749002,- (-),-,Not enough ratings
7,993kjoy.com,9833578,9210646,-3014592,- (-),-,Good
6,997now.com,0,,,- (-),-,Not enough ratings
10,a2politico.com,20277058,18934683,9473236,- (-),-,Good
13,abcfoxmontana.com,442627,371773,-199336,United States (US),147754,Good
4,air1.com,109725,106610,-22461,United States (US),21638,Excellent
11,almanacnews.com,399159,353283,91071,United States (US),73734,Excellent
14,altondailynews.com,2908770,2689629,1292828,United States (US),511145,Good
6,am1300.com,395111,375194,-34046,United States (US),102449,Not enough ratings
24,annarborbusinessmagazine.com,17056013,19741340,,- (-),-,Good
15,annarbors107one.com,4119832,3418513,-2408440,United States (US),711044,Good
18,applevalley-review.com,0,,,- (-),-,Not enough ratings
16,arklatexhomepage.com,491217,403934,49859,United States (US),160499,Excellent
13,arroyomonthly.com,11180029,9915856,-4048582,- (-),-,Good
7,avpress.com,743569,751272,86574,United States (US),151979,Good
8,b945live.com,10366758,9138812,3553523,- (-),-,Good
11,bclegalnews.com,0,,,- (-),-,Not enough ratings
12,betterlifetv.tv,7261534,6838520,1389640,- (-),-,Good
10,big983indy.com,0,,,- (-),-,Not enough ratings
9,bigbuck98.com,21370943,20351330,13179430,- (-),-,Not enough ratings
10,bigfrog104.com,420795,348496,-69234,United States (US),91360,Good
16,boulderfreeradio.org,27414874,27105304,1864086,- (-),-,Not enough ratings
13,boulderweekly.com,589871,517702,230888,United States (US),149583,Good
14,bozeman-magpie.com,6811814,6020913,-184635,- (-),-,Not enough ratings
21,bozemandailychronicle.com,146650,139422,34523,United States (US),27987,Good
14,brightsidenews.com,6807029,7022916,2450131,- (-),-,Good
20,calhouncountyinsight.com,10228501,11549035,370210,- (-),-,Not enough ratings
19,calvarychapelmerced.org,13100578,16034726,208819,- (-),-,Good
8,capradio.org,191667,168059,48183,United States (US),28508,Good
11,caravannews.com,9661853,8496502,3003219,- (-),-,Good
10,cbcofdover.com,21592690,20678965,9517596,- (-),-,Not enough ratings
14,ccyakimavalley.com,0,,,- (-),-,Good
16,celebrationradio.com,8262658,8807633,-5187039,- (-),-,Good
11,centredaily.com,111441,99650,10916,United States (US),26003,Excellent
14,chicagotribune.com,1923,1654,479,United States (US),415,Excellent
11,cnyhomepage.com,1596925,1350587,148975,United States (US),410074,Good
5,coacb.org,18540864,19754326,2801332,- (-),-,Good
13,coloradodaily.com,977867,828271,290101,United States (US),245415,Good
16,contracostatimes.com,9017381,9069863,5511200,- (-),-,Excellent
23,coppellcitizensadvocate.com,0,,,- (-),-,Not enough ratings
25,cottonwoodholladayjournal.com,6611141,6138275,-2085092,United States (US),735940,Good
6,cpclax.com,4617165,4465935,-2124402,- (-),-,Not enough ratings
3,cpr.org,144069,113660,36676,United States (US),26077,Excellent
5,cpt12.org,1010074,895484,335942,United States (US),177158,Good
19,crosstimbersgazette.com,718290,644753,-157989,United States (US),128072,Good
8,csnradio.com,925055,843534,219295,United States (US),161090,Good
10,ctbulletin.com,7364902,6635688,4228403,- (-),-,Good
15,ctnannarborblog.org,0,,,- (-),-,Not enough ratings
11,dailycamera.com,74539,65246,21787,United States (US),13741,Excellent
16,dailyeasternnews.com,3608097,3210268,1601231,United States (US),459553,Good
11,dailynewsol.com,22114172,21329785,11077652,- (-),-,Good
12,dailytribune.com,866156,710681,-74525,United States (US),225146,Excellent
9,damnarbor.com,4948188,4358040,-711598,- (-),-,Not enough ratings
16,delawarepolitics.net,9181673,8275984,-6846526,- (-),-,Good
17,deltabroadcasting.org,7887233,6842662,4123816,- (-),-,Good
15,denversports760.com,0,,,- (-),-,Not enough ratings
11,detroitwonk.com,29579158,29354268,,- (-),-,Good
10,digital949.com,8021125,8295943,-11341147,- (-),-,Good
9,doverpost.com,552872,492182,684,United States (US),249392,Good
12,eastbaytimes.com,32053,27488,-4567,United States (US),7194,Good
13,eastofseattle.news,0,,,- (-),-,Not enough ratings
11,effectradio.com,3336138,3117902,696922,United States (US),579605,Good
15,elinformadorusa.com,5156214,4316209,180255,- (-),-,Not enough ratings
18,elsoldeldesiertoav.com,0,,,- (-),-,Not enough ratings
9,elsolnews.com,3539347,2990734,660512,- (-),-,Good
7,espn930.com,0,,,- (-),-,Not enough ratings
7,espncny.com,0,,,- (-),-,Not enough ratings
11,espnupstate.com,6184190,5260574,-2723862,- (-),-,Not enough ratings
11,estlmonitor.com,14227988,12674632,3523022,- (-),-,Not enough ratings
8,etvradio.org,2482166,2063846,-1075951,United States (US),390878,Good
13,faithtalk1360.com,4479905,4449483,,United States (US),422361,Not enough ratings
11,familyradio.com,9231988,8092752,6773581,- (-),-,Very poor
11,familyradio.org,418378,420861,-99777,United States (US),130725,Unsatisfactory
23,faribaultcountyregister.com,3376540,3060465,-300866,- (-),-,Good
14,fkgoldstandard.com,5354315,4488791,-1116284,- (-),-,Not enough ratings
3,fln.org,473511,478803,-28707,United States (US),119203,Good
12,fox26medford.com,6650397,6289968,-13902911,- (-),-,Excellent
14,fox46charlotte.com,362982,305477,193357,United States (US),77488,Not enough ratings
18,foxsportstexarkana.com,5993319,5284177,,- (-),-,Not enough ratings
11,froggy101fm.com,0,,,- (-),-,Good
12,glendalestar.com,1854051,1794122,157255,United States (US),368379,Good
21,glendoracommunitynews.com,0,,,- (-),-,Not enough ratings
7,goforth.org,21291505,20246889,12787113,- (-),-,Good
21,goldenstatenewspapers.com,617650,675645,76761,United States (US),142275,Not enough ratings
9,goupstate.com,94323,96116,-6035,United States (US),21703,Excellent
13,grandrapidsmn.com,538844,585983,16558,United States (US),129987,Good
4,grbj.com,403204,357698,-253,United States (US),77099,Good
5,grcmc.org,1041098,1025642,-611095,United States (US),196071,Good
5,grnow.com,682165,677424,-468715,United States (US),153585,Not enough ratings
9,groove925.com,0,,,- (-),-,Good
7,grtimes.com,8266369,8205513,-375717,- (-),-,Not enough ratings
9,happy1031.com,0,,,- (-),-,Not enough ratings
11,hawaiian105.com,3176995,2921468,-1085217,- (-),-,Good
11,heraldargus.com,1418913,1352591,-21208,United States (US),306525,Good
12,heraldonline.com,166317,147112,48286,United States (US),34777,Good
7,hot1061.net,0,,,- (-),-,Good
6,hot981.com,4915487,4173737,-277770,- (-),-,Not enough ratings
16,iftheriverswells.com,0,,,- (-),-,Not enough ratings
17,innercirclecorona.com,1680025,1385989,-54506,- (-),-,Not enough ratings
11,issaquah360.com,3124046,3122530,-1889345,- (-),-,Not enough ratings
16,issaquahreporter.com,2379054,2157974,1041638,United States (US),524090,Not enough ratings
14,journaltribune.com,814689,815749,-419962,United States (US),144860,Good
9,kali900am.com,23764876,23136485,4036303,- (-),-,Not enough ratings
6,katsfm.com,1788028,1513188,592507,- (-),-,Excellent
4,kbnl.org,13594601,12077783,-9252502,- (-),-,Good
4,kbzk.com,448287,372216,86219,United States (US),84881,Excellent
9,kcfiradio.com,0,,,- (-),-,Not enough ratings
6,kcmxam.com,2391147,1941791,507534,United States (US),769083,Good
4,kdkr.org,7807627,8375173,945838,- (-),-,Unsatisfactory
4,kdna.org,14175857,15166254,4533352,- (-),-,Good
4,kdrv.com,539654,499010,201951,United States (US),97361,Excellent
4,keom.fm,3199849,2929012,-2868618,United States (US),456575,Good
3,ket.org,105502,94010,-29440,United States (US),22345,Excellent
8,kfbimy48.com,0,,,- (-),-,Good
4,kffm.com,1145247,919028,-340557,United States (US),480362,Good
4,kfsi.org,0,,,- (-),-,Not enough ratings
4,kftx.com,15392575,13887372,-1291628,- (-),-,Good
4,kglt.net,6183160,6467956,927145,- (-),-,Not enough ratings
4,kgns.tv,432261,407014,-54443,United States (US),112910,Excellent
4,kgnu.org,977022,920468,-427517,United States (US),191504,Good
9,kicks1063.com,4344595,4558668,520424,- (-),-,Not enough ratings
16,kingsvillerecord.com,3597893,3440638,-1356804,- (-),-,Not enough ratings
4,kkdv.com,17389936,15936522,3041761,- (-),-,Good
4,kkiq.com,10994541,9734070,6022726,- (-),-,Good
5,klove.com,30227,27878,-4391,United States (US),6105,Excellent
4,kmdy.org,19262274,21210849,-2539673,- (-),-,Not enough ratings
4,kmed.com,2080268,1705766,425425,- (-),-,Good
4,kmel.com,0,,,- (-),-,Good
6,kmsgtv.com,26651336,26261697,7272730,- (-),-,Good
4,knxt.tv,9554854,9210026,2187302,- (-),-,Good
9,kofkradio.org,0,,,- (-),-,Not enough ratings
4,kolu.com,4963641,5422916,-4501205,- (-),-,Good
7,kool105.com,4304337,3780513,-187247,United States (US),753445,Good
4,kpvi.com,446048,406615,-309005,United States (US),84110,Good
4,kq98.com,3531980,2907678,1031281,United States (US),456315,Excellent
4,kqal.org,3041573,2915681,-3048405,United States (US),525038,Good
6,kristv.com,178590,156713,-4064,United States (US),50303,Excellent
6,ktaifm.com,0,,,- (-),-,Not enough ratings
7,ktev-tv.com,15143837,16430359,,- (-),-,Not enough ratings
8,ktoy1047.com,16728349,15232471,3967273,- (-),-,Not enough ratings
4,kttc.com,230590,210374,18903,United States (US),48267,Good
4,kuic.com,3922609,3243291,-430448,United States (US),500846,Good
6,kupi99.com,13556280,12043090,-13036710,- (-),-,Good
4,kvlp.org,2983678,3466202,-2313165,- (-),-,Good
7,kwck999.com,18996530,20649371,8621448,- (-),-,Not enough ratings
9,kwdcradio.org,0,,,- (-),-,Not enough ratings
10,kwrm1370am.com,0,,,- (-),-,Good
4,kyak.com,1073040,848383,146393,United States (US),253372,Not enough ratings
4,kycc.org,2201607,1800250,-3800230,United States (US),762840,Good
4,kygl.com,3461045,2926388,287271,- (-),-,Not enough ratings
4,kygo.com,821411,660849,-780315,United States (US),490832,Not enough ratings
19,laestaciondelpueblo.com,0,,,- (-),-,Not enough ratings
10,lajefa1270.com,0,,,- (-),-,Not enough ratings
9,laley1005.com,7435638,6438117,3233828,- (-),-,Good
21,lamovidaradiorockford.com,0,,,- (-),-,Not enough ratings
13,laquebuena961.com,19109860,20945259,,- (-),-,Not enough ratings
15,lavoz1360dallas.com,0,,,- (-),-,Not enough ratings
12,lawndalenews.com,1985811,1927266,-259574,United States (US),326510,Good
12,lifeincorona.com,0,,,- (-),-,Not enough ratings
9,lifesongs.com,7096227,6374969,2953329,- (-),-,Good
7,lite987.com,847996,715194,44651,United States (US),213970,Good
7,live105.com,0,,,- (-),-,Excellent
9,lmtonline.com,175903,211685,22415,United States (US),37458,Good
10,localnews8.com,234029,214313,44731,United States (US),48067,Good
19,lucernevalleyleader.com,9221230,8083032,4959017,- (-),-,Good
8,magic989.com,1489862,1384714,-692166,- (-),-,Good
11,mailtribune.com,94400,87176,-17234,United States (US),36407,Good
12,mariononline.com,3089934,2998948,939305,United States (US),471755,Good
10,marionstar.com,506218,413740,82154,United States (US),102538,Good
10,mariontv22.com,0,,,- (-),-,Not enough ratings
9,mcntvnews.com,5593756,4880727,1550323,- (-),-,Not enough ratings
9,mdjonline.com,189137,193805,44738,United States (US),33169,Good
13,medfordnickel.com,20959789,19805623,345599,- (-),-,Good
13,mega100online.com,0,,,- (-),-,Good
17,mercedcountytimes.net,19019404,20790860,14578396,- (-),-,Good
13,mercedsunstar.com,137679,145142,21503,United States (US),25662,Excellent
13,milfordctblog.com,0,,,- (-),-,Not enough ratings
13,milfordmirror.com,909669,856711,100076,United States (US),218146,Not enough ratings
6,mix100.com,3042571,3154148,-185011,- (-),-,Good
5,mlive.com,5328,5102,623,United States (US),1021,Excellent
10,montanapbs.org,1637877,1551232,530428,United States (US),391636,Excellent
15,mountaingazette.com,5342005,4690544,-1662223,- (-),-,Not enough ratings
4,mpbn.net,10077037,10052474,9639497,- (-),-,Excellent
8,mundomax.com,593626,553426,392824,- (-),-,Not enough ratings
5,my961.com,12357144,10982298,-11925899,- (-),-,Not enough ratings
7,my975fm.com,13933547,12383105,-11919973,- (-),-,Not enough ratings
9,mybaycity.com,4168305,3611391,1164720,- (-),-,Not enough ratings
12,mybobcountry.com,6455812,7173563,1281628,- (-),-,Not enough ratings
11,mylaredofox.com,5105192,4744815,-2669334,- (-),-,Good
12,myoceanstyle.com,4202042,4262237,-2376393,- (-),-,Not enough ratings
11,mypromisefm.com,7518856,6882647,-186610,- (-),-,Not enough ratings
11,myradiolink.com,4561393,4347838,2310730,- (-),-,Not enough ratings
12,myreachradio.com,9463217,8308018,-5398768,- (-),-,Not enough ratings
10,nbcmontana.com,273326,244306,49246,United States (US),57770,Excellent
16,networkknowledge.tv,6722845,6041546,3454450,- (-),-,Good
12,newberlinnow.com,0,,,- (-),-,Not enough ratings
9,newhot997.com,12433010,15197559,5201342,- (-),-,Excellent
11,news-herald.com,150686,135285,-6856,United States (US),26570,Good
8,news8000.com,124384,117600,-24208,United States (US),23654,Excellent
11,newstalkkit.com,1261763,1196766,-324453,United States (US),163798,Good
9,newvision.fm,28114013,27894931,,- (-),-,Not enough ratings
5,nhptv.org,143710,120136,-76919,United States (US),25929,Excellent
13,northerniowan.com,2705015,2558698,-1605400,United States (US),712737,Not enough ratings
8,nowiny24.pl,39510,39943,-1584,Poland (PL),610,Excellent
4,nwpr.org,1029776,906543,-234345,United States (US),170351,Good
11,ondasdevida.com,18166216,16785689,10961118,- (-),-,Good
10,outboulder.org,5255806,6030979,1718191,- (-),-,Not enough ratings
10,owassoisms.com,563808,738461,-152564,United States (US),92801,Not enough ratings
11,oxfordeagle.com,346780,295347,195094,United States (US),102432,Not enough ratings
13,parmaobserver.com,4223170,3515782,-6884976,- (-),-,Not enough ratings
11,pasadenanow.com,275805,240825,-23544,United States (US),48928,Good
16,pasadenastarnews.com,131704,120312,-12254,United States (US),28083,Good
14,pasadenaweekly.com,1129626,1018186,79732,United States (US),279558,Unsatisfactory
10,pcccourier.com,2481238,2313451,-1181538,- (-),-,Good
3,plr.org,1917490,1805684,32124,Nigeria (NG),24459,Excellent
12,powertalk967.com,0,,,- (-),-,Not enough ratings
11,pridesource.com,670679,571440,66597,United States (US),205979,Excellent
18,publicrealityradio.org,4207296,4852186,181912,- (-),-,Not enough ratings
8,q104wqcy.com,16834140,19375829,,- (-),-,Not enough ratings
3,q97.com,4817517,4355089,-101913,- (-),-,Good
11,quicksie983.com,19568389,18088706,2267911,- (-),-,Not enough ratings
9,radio1190.org,3699003,4010334,593427,United States (US),559284,Good
7,radio74.net,11462102,11894163,-14146777,- (-),-,Not enough ratings
20,radioalfayomega941fm.com,10998882,10644421,,- (-),-,Not enough ratings
12,radioamistad.net,31777957,31733527,24207716,- (-),-,Good
12,radioimpacto.org,28114891,27895809,22661236,- (-),-,Not enough ratings
13,radiolibertad.net,16347909,14835743,6137241,- (-),-,Good
14,radiopoder1300.com,0,,,- (-),-,Not enough ratings
14,radiovisioncdr.com,0,,,- (-),-,Not enough ratings
9,recordnet.com,117120,108601,15558,United States (US),39609,Excellent
11,recuerdo983.com,0,,,- (-),-,Not enough ratings
5,revfm.net,0,,,- (-),-,Not enough ratings
22,rexburgstandardjournal.com,1057627,876384,29265,United States (US),299922,Not enough ratings
11,riverbender.com,295886,272911,16395,United States (US),60333,Good
5,rmpbs.org,571506,541169,8701,United States (US),140703,Good
7,rock927.com,19407603,21639337,4280550,- (-),-,Not enough ratings
12,rossmoornews.com,6781138,6977122,3807763,- (-),-,Good
9,salemnews.com,242117,216543,11137,United States (US),33325,Excellent
5,scetv.org,514167,486598,33909,United States (US),101718,Excellent
11,scinthenews.com,12713494,11291612,5206795,- (-),-,Not enough ratings
4,scpr.org,43931,36347,11230,United States (US),7687,Excellent
9,seabreeze.fm,15677241,14182942,1541602,- (-),-,Not enough ratings
12,searcyliving.net,0,,,- (-),-,Not enough ratings
13,seminolevoice.com,4238088,3843777,-6170267,United States (US),520347,Good
14,sentinelsource.com,246718,248199,-38254,United States (US),52065,Good
11,sgvexaminer.com,16618761,19107813,7975473,- (-),-,Not enough ratings
10,sgvtribune.com,174890,153063,42207,United States (US),33643,Good
11,shoppernews.com,13096546,11626259,2682575,- (-),-,Good
8,sosradio.net,1889115,1764274,-312026,United States (US),466997,Good
17,soundoftruthradio.org,0,,,- (-),-,Not enough ratings
12,southernminn.com,204982,184532,-7467,United States (US),35031,Excellent
18,southsidebaptistrh.org,11819307,11376133,,- (-),-,Good
14,southtexannews.com,7665698,7637124,2962347,- (-),-,Not enough ratings
19,spartanweeklyonline.com,10720214,11311913,-2800752,- (-),-,Not enough ratings
9,spirit889.com,7619306,6984859,2281227,- (-),-,Not enough ratings
16,stamfordadvocate.com,104147,102592,23060,United States (US),22328,Excellent
12,stamfordplus.com,7329853,6343372,-3405794,- (-),-,Good
10,star1013fm.com,0,,,- (-),-,Good
12,statecollege.com,234627,221181,70068,United States (US),57239,Good
20,statecollegemagazine.com,4754331,4076660,-373786,- (-),-,Good
16,strongtowerradio.org,22049067,21231144,4623590,- (-),-,Not enough ratings
11,swcbulletin.com,1576046,1410181,-426935,United States (US),264384,Good
11,swnewsmedia.com,343679,305208,28954,United States (US),75441,Not enough ratings
23,tabernaculodelafeyakima.org,21264080,20188244,5119122,- (-),-,Not enough ratings
7,talk960.com,865910,696712,-167100,United States (US),146990,Good
3,tbn.org,163419,157307,742,United States (US),36270,Good
3,tct.tv,545825,491602,-141523,United States (US),111738,Good
17,telemundo51fresno.com,27650930,27371238,11960295,- (-),-,Not enough ratings
11,telemundo52.com,277573,245905,26331,United States (US),94038,Good
16,texarkanagazette.com,217601,221347,11470,United States (US),35003,Good
14,texarkanaradio.com,14327887,12804254,-11518369,- (-),-,Not enough ratings
18,thebridgenewspaper.com,13580120,12059901,7143786,- (-),-,Good
7,thecw46.com,0,,,- (-),-,Not enough ratings
15,thedailycitizen.com,2219647,2123181,201393,United States (US),296829,Good
7,thedove.us,2160276,2053632,-13294,United States (US),359976,Not enough ratings
12,thefanyakima.com,26467709,27099882,,- (-),-,Not enough ratings
21,thegallatincountynews.com,0,,,- (-),-,Not enough ratings
10,thegleaner.com,699818,572777,-624246,United States (US),169278,Good
13,thehawkyakima.com,18215453,16832608,5618591,- (-),-,Not enough ratings
9,thelifefm.com,8969374,11233056,-394914,- (-),-,Not enough ratings
7,thelion.fm,5808187,6298402,2429684,- (-),-,Good
19,theneighborhoodnews.com,0,,,- (-),-,Not enough ratings
17,thenewsenterprise.com,1144745,1078527,387482,United States (US),258162,Not enough ratings
13,thenewsherald.com,152167,120504,-14200,United States (US),59325,Good
8,thepress.net,1573588,1478247,529855,United States (US),264163,Good
9,theqrocks.com,7778137,7948791,-9245949,- (-),-,Not enough ratings
11,therapidian.org,926007,808706,46454,United States (US),277235,Good
11,thereporter.com,532152,475768,-40952,United States (US),107189,Good
10,therooster.com,238633,205587,150205,United States (US),69126,Not enough ratings
17,thesentinelweekly.com,22377823,21667265,-2360352,- (-),-,Not enough ratings
9,theticket.com,413256,328079,116989,United States (US),63973,Good
17,theupstateshopper.com,0,,,- (-),-,Not enough ratings
18,thevalleychronicle.com,21468138,20474181,11440692,- (-),-,Good
13,tidbitsweekly.com,5356077,6487295,1001826,- (-),-,Not enough ratings
17,tribuneledgernews.com,665455,609030,-195122,United States (US),139459,Not enough ratings
12,tricolor1009.com,0,,,- (-),-,Not enough ratings
12,tricolor1035.com,0,,,- (-),-,Good
11,tripsmarter.com,844367,759176,181158,United States (US),191971,Excellent
16,tristatehomepage.com,239625,219661,-110277,United States (US),42287,Excellent
10,tulsaworld.com,38975,34074,10292,United States (US),7804,Excellent
23,twincitiesbusinessradio.com,0,,,- (-),-,Not enough ratings
9,univision.com,3753,3445,778,United States (US),1866,Excellent
5,utica.tv,0,,,- (-),-,Good
7,uticaod.com,122266,103846,-12453,United States (US),41876,Good
17,valleymagazinepsu.com,4778270,4092440,533578,- (-),-,Good
10,vcyamerica.org,897013,842549,-677529,United States (US),308071,Excellent
17,visaliatimesdelta.com,399613,341393,25594,United States (US),89968,Excellent
9,w4country.com,6374107,5689403,1210793,- (-),-,Good
9,waamradio.com,2451143,2173311,709264,- (-),-,Not enough ratings
8,waky1035.com,2669541,2203042,-1016603,United States (US),329196,Good
4,wbbl.com,2605214,2234239,-1912822,United States (US),776614,Good
9,wbgzradio.com,20830305,19614176,15960315,- (-),-,Not enough ratings
6,wbkvam.com,0,,,- (-),-,Not enough ratings
4,wcbn.org,1464555,1532942,-502522,United States (US),262528,Good
8,wcev1450.com,20724205,19474943,5496235,- (-),-,Good
12,freewebspace.com,568510,483756,151413,- (-),-,Good
4,wcny.org,684219,689255,-609732,United States (US),115037,Good
4,wcoy.com,16834774,19376463,,- (-),-,Good
4,wcsg.org,730681,658459,-1272417,United States (US),261026,Good
4,weiu.net,5085738,5699055,359369,- (-),-,Good
12,westallisnow.com,21858396,20989976,14534264,- (-),-,Good
8,wfuramfm.com,10654042,11721680,-11655077,- (-),-,Not enough ratings
10,wfzxthefox.com,0,,,- (-),-,Not enough ratings
4,wgca.org,8334833,8013309,-4638736,- (-),-,Good
4,wgem.com,210420,198767,-19692,United States (US),33987,Good
4,wgrc.com,5036123,4443128,576328,- (-),-,Good
4,wgvu.org,925150,834534,-988916,United States (US),162462,Good
4,whig.com,305639,279752,21849,United States (US),68580,Excellent
4,whvl.com,10727746,10864398,5058447,- (-),-,Excellent
12,wilkinsradio.com,2256349,2410941,-1998426,- (-),-,Excellent
15,winonadailynews.com,314621,281223,49702,United States (US),64886,Good
10,winonapost.com,1725850,1521436,-882978,United States (US),322901,Excellent
11,winonaradio.com,3852304,3593049,-6783095,United States (US),561023,Good
9,wintradio.com,2869180,2867081,678326,- (-),-,Not enough ratings
4,wiog.com,7638382,7001842,173632,- (-),-,Good
7,wiproud.com,2919598,2700351,105288,United States (US),607260,Not enough ratings
4,wjnt.com,8195072,7764714,-97153,- (-),-,Good
4,wkhx.com,2671476,2280726,1755810,United States (US),678205,Not enough ratings
4,wknh.org,18231566,19264096,2086158,- (-),-,Not enough ratings
4,wktv.com,186006,176889,352,United States (US),38683,Good
4,wlav.com,7548579,6541227,2060015,- (-),-,Good
4,wlxr.com,4157741,4772531,-1032063,- (-),-,Excellent
6,wmdetv.com,0,,,- (-),-,Not enough ratings
4,wmdt.com,367295,344942,96203,United States (US),65424,Good
4,wnem.com,136590,120815,-12629,United States (US),30193,Good
7,wolf943.com,21791873,20901723,,- (-),-,Not enough ratings
13,activanetwork.com,8776075,9367003,-1409764,- (-),-,Not enough ratings
16,woodburybulletin.com,1304124,1153680,416487,United States (US),273943,Good
4,wour.com,15045824,16258039,6295708,- (-),-,Good
9,wpat930am.com,9711319,9058763,-10420891,- (-),-,Not enough ratings
3,wpr.org,130702,116723,5587,United States (US),24629,Good
4,wpsu.org,352307,289236,-381861,United States (US),49182,Good
11,myfreesites.net,155807,125572,10993,United States (US),83722,Not enough ratings
10,wqqx1490am.com,0,,,- (-),-,Not enough ratings
4,wrhi.com,3513237,3042424,1134173,United States (US),765167,Good
6,wrscfm.com,0,,,- (-),-,Good
4,wrvo.com,0,,,- (-),-,Not enough ratings
4,wtad.com,582993,667992,-210808,United States (US),86485,Good
4,wtbj.org,0,,,- (-),-,Not enough ratings
4,wtjr.org,24919715,24334619,3482940,- (-),-,Good
4,wtka.com,1416273,1208898,169760,United States (US),485038,Good
4,wtlr.org,11602434,10337077,,- (-),-,Not enough ratings
6,wupltv.com,0,,,- (-),-,Good
6,wuspfm.com,0,,,- (-),-,Good
6,wutqfm.com,15866894,14344419,9107677,- (-),-,Good
4,wvik.org,1164634,1011426,-1046438,United States (US),330162,Good
4,wwib.com,9493362,8336786,-309863,- (-),-,Good
4,wxow.com,147945,133989,-105491,United States (US),30705,Good
4,wyce.org,0,,,- (-),-,Good
4,wygr.net,0,,,- (-),-,Good
6,wzzm13.com,53438,48964,-9603,United States (US),12358,Excellent
6,y102fm.com,7297297,6937359,-1245151,- (-),-,Good
12,yakimaherald.com,149413,138761,-7268,United States (US),26688,Good
14,yakimamagazine.com,6903626,6592167,1841061,- (-),-,Not enough ratings
4,ynop.org,10923501,12606871,1838660,- (-),-,Good
14,yourwestvalley.com,555533,503732,337112,United States (US),150790,Good
9,z93laredo.com,0,,,- (-),-,Good
4,wytx.fm,6085743,5167006,-5590657,- (-),-,Not enough ratings
6,wzmofm.com,0,,,- (-),-,Not enough ratings
7,ypradio.org,1424787,1294207,-94300,United States (US),253222,Not enough ratings
13,avemariaradio.net,449054,429745,-4516,United States (US),79560,Excellent
9,wordpress.com,36,25,-1,United States (US),32,Good
10,bubblelife.com,273426,336192,-2529,United States (US),46172,Not enough ratings
15,localinannarbor.com,9822276,9713345,-7832843,- (-),-,Not enough ratings
5,mibiz.com,652589,580260,-227628,United States (US),106194,Not enough ratings
10,thesaintaq.com,22224459,21459669,,- (-),-,Not enough ratings
15,westbendcurrent.com,688790,714953,-2784550,United States (US),100957,Not enough ratings
8,facebook.com,3,3,0,United States (US),3,Excellent
12,freetalklive.com,512960,431362,-600955,United States (US),99468,Excellent
13,michigandaily.com,166793,154500,42384,United States (US),29016,Excellent
7,tapinto.net,90248,80052,9468,United States (US),14533,Excellent
6,iheart.com,1739,1399,258,United States (US),343,Excellent
